n_topics,inertia
400,30463.160062772717
300,32399.19779294252
200,35055.503028416075
100,47583.93191024114
50,60516.902617508546
30,67052.57833547494
10,125593.53691616678
5,165969.93179733353
